<?xml version="1.0" encoding="UTF-8"?>
<beans xmlns="http://www.springframework.org/schema/beans" xmlns:batch="http://www.springframework.org/schema/batch" 
xmlns:xsi="http://www.w3.org/2001/XMLSchema-instance"
xmlns:util = "http://www.springframework.org/schema/util" 
 xsi:schemaLocation="http://www.springframework.org/schema/batch   
 http://www.springframework.org/schema/batch/spring-batch-2.2.xsd   
 http://www.springframework.org/schema/beans    
 http://www.springframework.org/schema/beans/spring-beans-3.2.xsd 
 http://www.springframework.org/schema/util     
      http://www.springframework.org/schema/util/spring-util-3.0.xsd  ">
      
      <import resource="context.xml" />
   <!-- Defining a bean --> 
   <batch:job id = "csvJob"> 
      <batch:step id = "step1"> 
         <batch:tasklet>           
            <batch:chunk reader = "cvsFileItemReader" writer = "flatFileItemWriter"  commit-interval="1">
            <!-- <batch:listeners>
            <batch:listener ref="chunkListener" />
            </batch:listeners> -->
            </batch:chunk> 
         </batch:tasklet> 
      </batch:step> 
   </batch:job> 
   
 <bean id="cvsFileItemReader" class="org.springframework.batch.item.file.FlatFileItemReader">
		<property name="resource" value="file:C:/Users/cts1/Downloads/trades.csv" />
		<property name="lineMapper">
		    <bean class="org.springframework.batch.item.file.mapping.DefaultLineMapper">
			<property name="lineTokenizer">
				<bean
					class="org.springframework.batch.item.file.transform.DelimitedLineTokenizer">
					<property name="names" value="stock,time,price,shares" />
				</bean>
			</property>
			<property name="fieldSetMapper">
				<bean class="com.hc.shares.FileMapper" />
			</property>
		    </bean>
		</property>

	</bean>
    
    <!-- ItemWriter writes a line into output flat file -->
    <bean id="flatFileItemWriter" class="org.springframework.batch.item.file.FlatFileItemWriter"
        scope="step">
 
        <property name="resource" value="file:C:/Users/cts1/Downloads/trades3.csv" />
 
        <property name="lineAggregator">
 
            <!-- An Aggregator which converts an object into delimited list of strings -->
            <bean
                class="org.springframework.batch.item.file.transform.DelimitedLineAggregator">
 
               
 
                <property name="fieldExtractor">
 
                    <!-- Extractor which returns the value of beans property through reflection -->
                    <bean
                        class="org.springframework.batch.item.file.transform.BeanWrapperFieldExtractor">
                         <property name="names" value="stock,time,price,shares" />
                        
                    </bean>
                </property>
            </bean>
        </property>
    </bean>
</beans>